v | v
v / v
v /* c
v /* c
v * c
v * c
v * v
v * c
v * c
v /* c
v | v
v * c
v |* c
v /* c
v /* c
v /* c
v * c
v * c
v /* c
v /* c
v * c
c * v
v * c
v /* c
v * c
v /* c
v + c
v + v
v * c
v /* c
v |* v
v * c
v /* c
v * c
v /* c
v * c
v | v
v * v
v / v
v / v
v ?/* c
v /* c
v //* v
v / v
v * c
v /* v
v + c
v + c
v + c
v * c
v /* c
v * c
v /* c
v ^ v
v /* c
v | v
v */* v
v ^|^ v
v *|* v
v ^* v
v ^ v
v ?/? v
v *|^* v
v ^*|^* v
v /* c
v /* c
v /* c
v * v
v /* c
v + c
v + v
v + c
v * c
v * c
v * c
v /* c
v ||/* c
v * c
v /^ v
v //^ v
v * c
v /* c
v * c
v /* c
v * c
v |+ c
v */ v
c * v
v * c
v * c
v * c
v * c
c * v
c * v
v * c
v * v
v /* c
v + c
c * v
v /* c
v * c
v | v
v ||/* c
v /* c
v + v
v /* c
v /* c
v * c
v * c
v /* c
v /* c
v * v
v */ v
c */ v
v ^ v
v * c
v / c
v * c
v | v
v ^/ v
v /* c
c * v
v /* c
v + v
v /* c
v * c
v /* c
v * c
v || v
v /* c
v * c
v /* c
v /* c
v /* c
v /* c
v * c
v /? c
v /* c
v * c
v * c
v * c
v / v
v / c
v ?|? v
v * c
v * c
v /* c
v /* c
v * c
v * c
v * c
v * c
v * c
v * c
v * c
v * c
v * c
v /* c
v * c
v * c
v * c
v / v
v /* c
v /* c
v * c
v /* c
v /* c
v /* c
v /* c
v + c
v * c
v / v
v */* c
v // v
v * c
v // v
v /// v
v //// v
v */* c
v * c
v /* c
v * c
v /* c
v /* c
v + c
v + c
v + c
v * c
v /* c
v ?/* v
v + v
v * c
v /* c
v / v
v /* c
v /* c
v / c
v / c
v /* c
v + c
v /* v
v /* c
v * c
v /* c
v /* c
v * c
v * c
v * c
v + c
v * c
v * c
v * c
v * c
v + c
v * c
v * c
v * c
v * c
v * c
v /* c
v /* c
v /* c
v /* c
v + c
c / c
v /* c
v + c
v * c
v /* c
c /^ c
v / c
v / v
v /* v
c * v
v * c
v /* c
v /* c
v / v
v /* c
v ^/ c
v /* c
v * c
v /* c
v * c
v /* c
v /* c
v /* c
v /* c
v /* c
v / c
v * c
v * c
v /* c
v /? c
v /? c
v */?/?/? c
v /* c
v /* c
v /* c
v /* c
v /* c
v /* c
v /* c
v /* c
v * c
v ?/* c
v ?/* c
v ^ v
v * c
v + c
v /* c
v * c
v ^ v
c |* v
v * c
v /* c
v /* c
v /* c
v /* c
v /* c
v /* c
v * v
v /* c
v * v
v /* c
v /* c
v /* c
v /* c
v /* c
v + c
v * c
v /* c
v * c
v * v
v *|*|* v
v * c
v + c
v *|| v
v / c
v + c
v /* c
v */ v
v ^ v
v + v
v | v
v /* c
v +| c
v ||/* c
v /* c
v /* c
v || v
v * c
v * c
v /*/^ c
v * v
v * c
v * c
v / v
v ^/ c
v ^ v
v /* c
v * c
v /* c
v * c
v */^ c
v */* c
v * c
v /* c
v /* c
c + v
v /^ v
v /* c
v |||| v
v ||/* c
v /* c
v * c
v + c
v /^ v
v /^ v
v /^ v
v /^ v
v /^ v
v /* c
v + c
v * c
v * c
v * c
v * c
v * c
v * c
v * c
c /* v
c /* v
v * c
v ||||||||* c
v /* c
v /* c
v /*+ c
c * v
c * v
v + v
v / c
v /* c
v /* v
v * c
v ?/* c
v ?/* c
v /* c
v ?/*/^*/? v
v +/^+ v
v /*/^+ v
v +/^*/ v
v /*/^*/ v
v + v
c /c* v
v /c* v
v /c v
v /* c
c /c v
v |* c
v /* c
v /* c
v * c
v * c
v * c
v * c
v /* c
v /* c
v /* c
v | v
v /* c
v |* c
v |* c
v * c
v * c
v |* c
v |||||||||||||||||| v
v * c
v /* c
v * c
v +|/* c
v */* c
v */* c
v */* c
v */* c
v */* c
v */* c
v */* c
v */* c
v * c
v * c
v */ c
v * c
v * c
v /* c
v / v
v * v
v * v
v +/* v
v +/* v
v * c
v / c
v /* c
v /* c
v / v
v /* c
v / c
v + v
v + c
v /* c
v /? v
v /? c
v ? c
v ? v
v * c
v + c
v / c
v /* c
v / c
v *|* c
v * c
v /* c
v + c
v * c
v /* c
v /*/ v
v /* c
v + c
v * c
v * c
v /* c
v + c
v /* v
v * c
v * c
v * c
v * c
v /* c
v /* c
v /* c
v /* c
v /* c
v * c
v * c
v * c
v * c
v * c
v * c
v * c
v * c
v * c
v /* c
v /* c
v /* v
v /* c
v * c
v * c
v /* c
v /* c
v /* c
v // c
v //|+ c
v ? v
v ||||||||||||||||| v
v * c
v * c
v + c
v + c
v + c
v /* v
v +/+ c
v /*/* c
v | v
v |^ v
v ^ v
v /* c
v + c
v //* c
v * c
v * c
v /* c
v ? c
v /* c
v /* c
v /* c
v /* c
v /* c
v /+ c
v ///|+ c
v /* c
v /* c
v / c
v * c
v * c
v /* c
v /* c
v + c
v * v
v * v
v /* c
v / v
v * c
v ||||| v
v /* c
v * c
c /* v
c /* v
c /+ v
c /+ v
c //+ v
c //+ v
v /* c
c /?/?/?/?/?/? v
c /?/?/?/?/?/? v
c /?/?/?/?/? v
c /?/?/?/?/? v
v /* c
v /* c
v /* c
v /* c
v /* c
v /* c
v /* c
v /* c
v /* c
v /* c
v /* c
v /* c
v /* c
v /* c
v * c
v /* c
v /* c
v /* c
v /+ c
v |/ c
v + c
v // c
v /* c
v * c
v * c
v * c
c * v
v /* c
v + c
v * c
v * c
v * c
v * c
v * c
v * c
v / c
v /* c
v /* c
v /? v
v /* c
v + c
v /* c
v /* c
v /* c
v /* c
v /* c
v /* c
v /* c
v /* c
v /* c
v /* c
v /* c
v /* c
v /* c
v /* c
v / c
v /? c
v /* c
v /* c
v /* c
v /* c
v /* c
v /* c
v /* c
v /* c
v /* c
v /* c
v /* c
v /* c
v /* c
v /* c
v * c
v * c
v * c
v /* c
v /* c
v /* c
v /* c
v * c
v /* c
v /* c
v /* c
v /* c
v ^ v
v ^ v
v ^ v
v /* c
v * c
v + c
v * c
v /* c
v /* c
v /* c
v // c
v /* c
v / v
v /* c
v * c
v * c
v * c
v * c
v * c
v /* c
v * c
v * c
v * c
v /? c
v /*|/* c
v * c
v /* c
v /* c
v /* c
v * c
v * c
v * c
v /* c
v /* c
v /* c
v /* c
v /* c
v /* c
v * c
v /* c
c * v
v * c
v /* c
v | c
v / c
v / c
v * c
v /* c
v |* c
v * c
v * c
v * c
v ||||| c
v /* c
v + c
v ? v
c |* v
v + c
v + c
v * v
v * c
v * c
v / c
v /* c
v * c
v ^/* v
v /^/* v
v * c
v /* c
v /* c
v /* c
v | v
v /* c
c /* v
v /* c
v * c
v /* c
v | v
v * c
v / v
v * c
v * c
v |* c
v /* c
v /* c
v * c
v * c
v + c
v /* c
v /* v
v / c
v /* c
v * c
v | v
v | v
v | c
v /* c
v /* c
v /* c
v / v
v /* v
v * c
v * c
v /* c
v | v
v /* v
v * c
v /*| v
v |* v
v |* c
v * c
v | c
v | c
v | c
v | c
v | c
v |* c
v |* c
v * c
v /* c
v * c
v /* c
v /* c
v * v
v * c
v * c
v * c
v + c
v * c
v /* c
v * c
v * c
v * c
v + c
v /* c
v /* c
v * c
v */*/* c
v */* c
v */*/*/* v
v */*/* v
v /* c
v ?/?/? v
v /?/?/? v
v * c
v |* c
v * c
v + c
v * c
v |* c
v |* c
v */* c
v /* c
v ^ v
v ^/ v
v |* c
v * c
v * c
v ^ v
v |||||||||||||||| v
v ||||||||||||||| v
v ^/ c
v || v
v * c
v /* c
v | v
v | v
v /*|* c
v ^/ c
v /* c
v ||||| v
v /* c
v */* c
v * c
v * c
v ^ v
v /* c
v /* c
v * c
v |* c
v ?/* c
v /* c
v /* c
v /* c
v /* c
v ^*/^?/ c
v ^ v
c * v
v + c
v + c
v || v
v |/* c
v * c
v / v
v + c
v /* c
v /* v
v + c
v + c
v + c
v + c
c /* v
v /| c
v /| c
v /| c
v /| c
v */* c
v */* c
v /* v
v /* c
v + c
v /* c
v * c
v * c
v * c
v + c
v + c
v + c
v / v
v / v
v * c
v | c
v ?|* v
v /* c
v * c
v /* c
v /* c
v /* c
v /* c
v /* c
v * c
v /* c
v /* c
c ^ v
v ^/* v
v /* v
v /* c
v */* v
v */*|^* v
v */* v
v ^* v
v |* v
v * c
v + c
v */ v
v || c
v ^ v
v * c
v * c
v /* c
v /? c
v /* c
v /* c
v + c
v |* c
v |* c
v /* c
v //+ c
v /* c
v + c
v + c
v + c
v + c
v + c
v + c
v |* c
v /* c
v /*|/*|/* v
v / v
v /* v
v /* c
v /* c
v + v
v ||| v
v * c
v * c
v * c
v * c
v /* c
v / c
v /* c
v /* v
v + c
v /* c
v /* c
v /* c
v /* c
v * c
v /* c
c /* v
v * c
c /* v
v ^/* c
v /* c
c /* v
v + c
c * v
v * c
v * c
v / c
c * v
c * v
v * c
c * v
c * v
c * v
c * v
v /* c
c * v
c /* v
v * c
c * v
c * v
c * v
c * v
c * v
c * v
c /* v
c /* v
c * v
c * v
c * v
c * v
v * c
c * v
c * v
c * v
c * v
v * c
v * c
c * v
c * v
v * c
c * v
c * v
c * v
c * v
c * v
v * c
c * v
c * v
c * v
c * v
c * v
v / c
c * v
c * v
c * v
v * c
c * v
c * v
c /* v
c * v
v /* c
c * v
v * c
c * v
c * v
c * v
c * v
c * v
c / v
c * v
v * v
v * c
c * v
v /| c
v /| c
v / v
v ^ v
c /* v
c /* v
v /* c
c /* v
v // c
c /* v
c /* v
c /* v
c /* v
c /* v
v /* c
c /* v
c /* v
v + c
v * c
v /* c
v * c
v * c
v * c
v * c
v * c
c /* v
v /* c
v * c
v * c
v * c
v * c
v * c
v /* c
v /* c
v /* c
v /* c
v * c
v /* c
v /* c
v /? c
v / c
v + c
v /| c
v |+ c
v /+ c
v * c
c ^/+ v
v ?/? c
v ^/ c
v /* c
v /* c
v /* c
v /*| c
v /*| c
v * c
v /* c
c /* v
v / v
v * c
v /* c
v /* c
v /* c
v ?/? c
v /* c
v /* c
v /* c
v /* c
v /* c
v /* c
v /* c
v /* c
v /* c
v /* c
v /* c
v /* c
v ?/? c
v /* c
v /+ c
v * c
v /* c
v * c
c * v
v * c
v + c
v /* c
v /* c
c /* v
c /* v
v /*/* c
v /+ c
v /+ c
v /* c
v * c
c /* v
v */ v
v * c
c * v
c * v
v * c
c /* v
v /* v
c * v
v |* c
v |* c
v |* c
v * c
v /| v
v / c
v */* c
v * c
v / c
v | c
c /* v
c /* v
c /* v
c /* v
c /* v
c /* v
c /* v
c /* v
c /* v
v | c
v /* c
v + c
v / v
v /* c
c /* v
c /* v
c /* v
c /* v
c /* v
v /* v
v ///// v
v * v
v * v
v /* c
v /* c
c /* v
v /* c
v / c
c /* v
v // c
v * c
v * c
v /* c
v * c
v / c
v /* c
v * c
v * c
v /* c
v /* c
v || v
v /* c
v /* c
c /* v
v * c
v * c
c ^ v
v + c
v //// v
v */* c
c /* v
c /* v
v | v
c /* v
v * c
v ^ v
c ^/+ v
v /* c
v ^ v
v */ c
v /*/ c
c /* v
c /* v
v / v
v / v
c /* v
v /* c
v ^ v
v /* c
v /*|* c
v |+ c
c ^|^+ v
c ^|+ v
v /* c
v // v
v + c
v ? v
v ^ v
v |* c
v |* c
v |* c
v */ v
v ||/* c
v /* c
v ^ v
v ||/* c
v ^ c
v */*/* c
c ^ v
v / c
v | v
v /* c
c /* v
v * c
v * c
v /* v
c /* v
c /* v
c ^|+ v
c ^*/^ v
c ?/* v
c ?/* v
c ^|*+ v
c ^*/^ v
v ^ v
v /* c
v | v
v * c
v / c
v /+ c
v |/* c
v /* c
c /* v
v /* c
v /* c
v ^//^ c
v * c
c /* v
c /* v
v ^ v
v /* c
v + c
v | v
v | v
v |* c
v |* c
v + c
c |||+ v
c |||* v
v /* c
v /* c
v + c
v /* c
v /* c
v /* c
v /* c
v /* c
v /* c
v / v
v /* c
c /* v
v ///// v
v /?/* c
v /?/* c
v * v
c /* v
c * v
v /* c
v * c
v * c
v /* c
v /* c
v ///// v
v || v
v /* c
v ||/* v
v * c
v /* c
v /* c
v /* c
v ||^/||^ v
c * v
v /* c
c /* v
v ^ v
v /// v
c /* v
v /* c
v /* c
v /* c
v / c
v /* c
v /* c
v ^ v
c /* v
v * v
v /* c
v * c
v * c
v * c
v * c
v /* c
v /* c
v /* c
c /* v
v /* c
v * c
v * c
v * c
c * v
v |/* c
v /* c
v /* c
v */* c
v /* c
v /* v
v /? v
v ^/ c
v ? c
v /* c
v |+| v
v || v
v ^ v
v /* c
v /* c
v /* c
v /* c
v ^ v
v ^+ v
v /? v
v * c
v * c
v /* c
v * c
v /+ c
v */* c
v * c
c /* v
v * c
v * c
v * c
v * c
v * c
v * c
v * c
v * c
v * c
c /* v
v /* c
v /* c
v //* c
v /* v
v /* v
v /* c
v /* c
v /* c
v /* c
v / v
v */ c
v /* c
v /* c
v | v
v * c
v * c
v * c
v * c
v / c
v |+ v
v /* c
v * c
v /* c
v //* c
v /* c
c /* v
c * v
v * c
v * c
v * c
v /<pv>/ v
v /<pc>/ v
v / v
v / v
v ?/+ v
v /+ v
v / c
v * c
v */* c
v */* c
v */* c
v */* c
v */* c
v /* c
v + v
v * c
v * c
v * c
v |* c
c * v
v /* v
v | v
v /* c
v /* c
v /* c
v /* c
v /* c
v /* c
v /* c
v /* c
v /* c
v /* c
v /* c
v /* c
v * c
c /* v
v /* c
v /* c
v /* c
v /* c
v * c
v * c
v * c
v /* c
v /* c
v ||||| c
v /+ c
v * c
c * v
c * v
v |* c
v + c
v //// v
v + c
v /* c
v | v
c * v
c * v
v /+ c
v * c
v * c
v * c
v *|* c
v * v
c ^||+ v
c ^/^*+ v
c ^ v
v |* c
c ^||+ v
c ^|+ v
v /* c
v /* c
c /* v
v * c
c /* v
v * c
v * c
v * c
c /* v
v * c
v /* c
v /* c
v / v
v + c
v /* c
v //* v
v / v
v / v
c ^||+ v
c ^|* v
c ^|||+ v
c ^*/^ v
c ^+ v
v */* c
c ^ v
c ^/+ v
c ^||+ v
c ^*/^* v
v /* c
v */* c
v /* c
v /* c
c ^|||+ v
v || c
v || c
c /* v
v /* c
v / c
v / c
v / c
v / c
v /* c
v /* c
v /* c
v /* c
v /* c
v / v
v /^* v
v /* c
v ^/ c
v ^/ c
v /^* v
c * v
v / v
v /* c
v + c
v * c
c ^*/^ v
v * c
v * c
v / c
v /* c
c * v
c * v
v * c
v |* c
v |* c
v /* c
v /* c
v //// v
v * c
v /* v
v /* c
v /* c
v * c
v |/ v
v /* c
v |+ c
v /* c
v /* c
v /* c
v / c
c /* v
v * c
v * c
v * c
v /* c
v ||| v
v /* v
v ||||||| v
v / c
v / v
c /* v
v + c
c * v
v + c
v /* c
v + c
v /* c
v * c
v */* c
c /* v
v /* c
v * c
v * c
v *|* c
v /? c
v /? c
v /? c
v /? c
v /? c
v /? c
c * v
v /* c
v |* c
v |* c
c ^*/* v
v ^+/+ c
v +/+ v
v ^?/^* c
v ^?/^* c
v ^?/^* c
v ^?/^* c
v ^?/* v
v ^?/+ v
v * c
v |/|+/|+ v
c /* v
v + c
v /* c
c * v
c * v
c /* v
v / c
v |/|//|/// c
v /* c
v /?/+ v
c * v
v * c
v /* c
c * v
v * c
v / v
c / v
v + v
v /* c
v * c
v + c
v | v
v /* c
v /* c
v / v
v * c
v ^/p> v
v /* c
v //+ v
v //+ v
v /// v
v * c
v + c
v /^ v
v /* c
v /* c
v /* c
v /+ c
v |/* c
v |/ c
v * c
v + v
v + v
v * c
v | v
v /* c
v + c
c |* v
c |* v
c ^* v
c ^* v
v * c
v * c
v * c
c /*|*|/*|* v
c |/*|* v
v + c
v + c
c |* v
c |* v
c |* v
c |* v
v ^|+ c
v ^|+ c
c /*|* v
c /*|*|/*|* v
c /*|*|/*|* v
c |/*|* v
v | v
v |/* c
v * c
v + c
v / c
v / c
v * c
v * c
v * v
v /* c
v /* v
c /* v
v * c
v * c
v * c
v |+ v
c * v
v ^|+ c
v ^|+ c
v * c
v * c
v * c
v * c
v * c
v /* c
v + c
c + v
c + v
v * c
v /* c
v /? c
v / c
v * c
v /* c
v ///? c
v /? c
v // v
v * c
v * c
v /* v
v /* c
v //* c
c |* v
v /^ c
v * c
v */* c
v / c
v //?/? c
v /?/? c
v /?/? c
v + c
v //?/?/?/? c
v //* c
v /* c
v ///// c
v + c
c * v
v | v
v || v
v * v
c ^/* v
v * c
c /* v
c * v
v /* c
v * c
c * v
v * c
v * c
v /* c
v /* c
v /* c
v * c
c * v
c * v
v /* c
v * c
v * c
v + v
v * c
v + v
v /* v
v /*/ v
v /* c
v * c
v * c
v /* c
v + c
v /* c
c /* v
c * v
c * v
v ? c
v */ c
c +/+ c
c +/* c
v / c
c /* v
c | v
v | v
c | v
v | v
v ? v
v * c
v / v
v / v
v / v
v / v
v / v
v / v
v / v
v / v
v */ v
v */* v
v * c
v / v
v / v
v / v
v * c
v / v
v |^ v
v * c
v /* c
v + c
v + v
v + c
v /* c
v + c
v /* c
v */* c
v | v
v /* c
v * v
v /* c
c /* v
c * v
v /|* v
v + c
v * c
c * v
c * v
c * v
v /* c
c * v
c * v
v ^ c
v + c
v * c
v * c
v / c
v * c
v /^ v
v */*/*/*/* c
v */*/*/*/* c
v */*/*/*/* c
v */*/*/*/* c
v */*/*/*/* c
v */*/*/*/* c
v */*/*/*/* c
v */*/*/*/* c
v */*/*/*/* c
v */*/*/*/* c
v */*/*/*/* c
v */*/*/*/* c
v */*/*/*/* c
v */*/*/*/* c
v */*/*/*/* c
v */*/*/*/* c
v */*/*/*/* c
v */*/*/*/* c
v */*/*/*/* c
v */*/*/*/* c
v */*/*/*/* c
v */*/*/*/* c
v */*/*/*/* c
v */*/*/*/* c
v */*/*/*/* c
v */*/*/*/* c
v */*/*/*/* c
v */*/*/*/* c
v / v
v ? v
v * c
v */* c
v */* c
v */* c
v */* c
v */* c
v */* c
v */*/* c
v */*/* c
v * c
v /* c
v * c
v ^/ c
v * c
v */* c
v */* c
v */* c
v */* c
v */* c
c /* v
c /* v
v /^ v
v /* c
v * c
v || v
v |* c
v /* c
v * v
v ^ v
c ^ v
v * c
v * c
v * c
v * c
v */* c
v * v
v * c
v * c
c ^/+ v
v /* c
c ^/* v
c ^|+ v
c ^/^* v
v * v
v * c
v * c
v /* c
v /* c
v / c
v / c
v * c
v * c
v * c
v /* c
v /?/?/?/?/?/?/?/? v
v */ c
v /* c
v /* c
v /* c
v / c
v /* c
v |/ c
v / c
v /* c
v * c
v /? c
v /* v
c * v
v * c
v + c
v * c
v * c
c /* v
v /? v
v //* c
v * c
v * c
v * c
v | v
v / v
v | v
v /* c
v * c
v * c
v ^/ c
v * c
v * c
v * c
v /* c
v /* c
v +|+ v
v +|+ c
v + c
v /* c
v / c
c /* v
v /*|/* c
v /*|/* c
v /*|/* c
v /* c
v / c
v / c
v /* c
v /* c
c * v
v * c
c * v
v * c
v * c
v /* c
v * c
v /* c
v /* c
c /* c
c */* c
c /* v
v /* c
v * c
v /* c
v |^* v
c |^* v
c /* v
v || v
v * c
v |/* c
v ?/+ c
v ? v
v ||||| v
v ||||||||||||||||| v
v /* c
c * v
c ?/* v
v /* c
v /* c
v /* c
v * c
v /* c
c /* v
c /* v
v * c
v ^/* c
v /* c
v * c
c * v
v * c
v * c
v / v
v ^/^ v
v /* c
v + c
v + c
v / v
v + c
v + c
v /* c
v /* c
v /* c
v * c
v * c
v * c
v /* c
v /* c
v /? c
v /* c
v / c
v ^/ v
v ^/ v
v /* c
v /* c
v /* c
v /* v
v / v
c * v
v /* c
v /* c
c /* v
v //* c
v // c
v +|+|+ v
v /? c
v / c
v / c
v ^/ c
v /* c
v / c
v * c
v * c
v * c
v */*+ c
v / c
v + c
v /* c
v ^ v
v //** c
c * v
v ^ v
v ||||||||||||||||||| v
v /* c
v /* c
v |^ v
v * c
v /? c
v /? c
v / c
v */* c
v * c
v /* c
v / c
v / v
v * c
v /* c
v | v
c ^/ v
v + c
v /* c
v * c
v + c
v /* c
v /* c
v ?/* c
v * c
v /* v
v |/|? v
v || v
v * c
c * v
v /* c
c ^/ v
v | v
v |+ v
v * c
v /?/? v
v /* c
c * v
v /* c
v * c
v * c
v /* c
v */ v
v / v
v * c
v * c
c /* v
v /* c
v /* c
v /* c
v / c
v / c
v * c
v * c
v /* c
v * c
v * c
v /* c
v |* c
v |* c
v + c
v * c
v / c
v * c
v + c
c |/|? v
c |/|? v
v + c
v /* c
v /* c
v /* c
v /+ c
v |||||||||||||||||||| v
v ^||||||||||||||||||||| v
v + c
v * c
v |/^ c
v |/^ v
v /^| v
v /* c
v * c
v * c
v ^ v
v * c
v /* c
v / c
v | v
v / c
v |* c
c /* v
v /? c
v ? v
v /* c
c /* v
v |/^| v
c /* v
c /* c
v /* c
v * c
v + c
v /* c
v ||||||||||/** c
v /* c
v * c
v /* c
v ? v
v */* c
v * c
c * v
v *|*/* c
v |/ v
c /* c
